Injury Type,Body Part,Category,Severity,Common Causes,First Aid Steps,Red Flag / Emergency Signs,Typical Recovery Time,Male-Specific Notes,Female-Specific Notes,When to See a Doctor
Cut/Laceration,Skin/Soft tissue,Wound,Mild,"Sharp object, fall, kitchen accident","Clean wound, apply pressure to stop bleeding, cover with sterile bandage","Deep wound, won't stop bleeding, exposed fat/muscle/bone",3-14 days depending on depth,Higher incidence in workplace/occupational injuries. Slower wound healing with age,Similar treatment. Pregnancy affects healing speed. May be more visible scarring concern,"Deep, gaping, or won't stop bleeding after 10 min pressure"
Abrasion (Scrape),Skin,Wound,Mild,"Fall, friction against rough surface","Clean with water, remove debris, apply antiseptic and bandage","Signs of infection (pus, spreading redness, warmth)",3-7 days,,,Signs of infection or large/dirty area
Puncture wound,Skin/Soft tissue,Wound,Moderate,"Nail, needle, animal bite, splinter","Clean thoroughly, do not force out deep objects, cover","Deep puncture, rusty object, near joint/eye, signs of infection",1-2 weeks,,,Any deep puncture (tetanus risk) or from a dirty/rusty object
Bruise (Contusion),Soft tissue,Soft tissue,Mild,"Blunt impact, fall, bump","Ice pack (wrapped) for 15-20 min, rest, elevate if possible","Rapid severe swelling, inability to move area, numbness",1-2 weeks,Common in contact sports. Higher pain tolerance may delay seeking care,May bruise more easily (genetic/blood clotting factors). Hormonal cycle affects bruising,"Severe pain, large swelling, or no improvement after 2 weeks"
Sprain (Ankle),Ankle,Ligament,Moderate,"Twisting/rolling ankle, uneven surface","RICE: Rest, Ice, Compression, Elevation","Unable to bear weight at all, visible deformity, severe swelling",2-6 weeks,Higher incidence in sports. More likely inversion injuries,Higher ankle sprain rate in women athletes. Hormonal factors (ligament laxity) in luteal phase,"Cannot bear weight, severe swelling, or no improvement in a few days"
Sprain (Wrist),Wrist,Ligament,Moderate,"Fall onto outstretched hand, twisting","RICE, avoid gripping/lifting with injured wrist","Visible deformity, severe pain, numbness in fingers",2-4 weeks,Often from fall on outstretched hand in sports,Osteoporosis risk postmenopause increases severity. May be fall-related,"Deformity, severe swelling, or persistent pain"
Strain (Muscle pull - Hamstring),Thigh/Leg,Muscle,Moderate,"Sudden sprinting, inadequate warm-up","RICE, gentle stretching once pain subsides","Sudden 'pop' sensation, inability to walk, large bruising",2-8 weeks,Common sports injury. Higher muscle mass aids recovery,Increased risk mid-cycle due to ligament laxity. Pregnancy affects all muscle strains,"Severe pain, inability to walk, or large bruise/swelling"
Strain (Lower back),Lower back,Muscle,Moderate,"Heavy lifting, sudden twist, poor posture","Rest briefly, ice/heat alternating, gentle movement as tolerated","Numbness/weakness in legs, loss of bladder/bowel control",2-6 weeks,Often occupational/lifting. Disc herniation more common,Pregnancy causes significant strain. Postpartum recovery longer. Osteoporosis risk,"Radiating leg pain, numbness, or loss of bladder/bowel control"
Fracture (Simple/Closed),Bone (varies),Bone,Severe,"Fall, direct impact, sports injury","Immobilize area, apply cold pack, avoid moving the person unnecessarily","Visible deformity, bone through skin, severe swelling, numbness",6-12 weeks,Higher incidence before age 50. Usually trauma-related,Osteoporosis risk increases significantly postmenopause. May occur with minimal trauma,Suspected fracture always needs medical imaging/treatment
Fracture (Compound/Open),Bone (varies),Bone,Emergency,"High-impact trauma, severe fall, accident",Do not push bone back in; cover wound with clean cloth; keep still; call emergency services,"Bone visible through skin, heavy bleeding, shock symptoms",3+ months,"Usually high-energy trauma (falls, accidents). Faster healing typical",Similar trauma mechanism. Postmenopausal women at higher risk of complications,Always a medical emergency
Dislocation (Shoulder),Shoulder,Joint,Severe,"Fall on outstretched arm, sports collision","Immobilize in position found, do not attempt to relocate it yourself, ice pack","Visible deformity, numbness/tingling in arm, no pulse in limb",4-12 weeks,Higher incidence in contact sports. Faster typical recovery,Genetic ligament laxity more common. Recurrent dislocations more likely. Slower recovery,Always needs medical relocation and evaluation
Dislocation (Finger),Finger,Joint,Moderate,"Jammed finger, ball sports, fall","Immobilize, avoid trying to pop it back yourself, ice pack","Numbness, severe deformity, no blood flow to fingertip",3-6 weeks,,,Any suspected dislocation needs medical evaluation
Concussion / Mild Head Injury,Head,Head injury,Severe,"Fall, sports collision, blow to head","Rest, monitor closely, cold pack on area (no swelling relief needed internally)","Repeated vomiting, worsening headache, confusion, unequal pupils, loss of consciousness",1-4 weeks,,,"Any head injury with vomiting, confusion, or loss of consciousness — seek care immediately"
Whiplash,Neck,Soft tissue/Ligament,Moderate,"Car accident, sudden jolt to head/neck","Gentle movement as tolerated, ice/heat, OTC pain relief","Numbness/weakness in arms, severe neck pain, loss of bladder control",2-6 weeks,,,"Severe pain, numbness, or symptoms worsening after a few days"
Burn (First-degree),Skin (surface),Burn,Mild,"Brief hot surface/liquid contact, sunburn","Cool running water 10-20 min, do not apply ice, loose dressing","Covers large area, or on face/hands/genitals",3-6 days,,,"Large area, or on sensitive areas (face, hands, groin)"
Burn (Second-degree),Skin (deeper),Burn,Severe,"Hot liquid/surface contact, flame, chemical","Cool running water, do not pop blisters, cover loosely with sterile non-stick dressing","Blistering over large area, signs of infection, on face/joints",2-3 weeks,,,"Blistering, large area, on face/hands/joints, or unclear how deep"
Burn (Third-degree),Skin (full thickness),Burn,Emergency,Prolonged flame/chemical/electrical contact,"Call emergency services, cover loosely with clean cloth, do not remove stuck clothing","Charred/white skin, numbness at site, signs of shock","Months, often needs surgery",,,Always a medical emergency
Frostbite,Extremities,Cold injury,Severe,"Prolonged cold exposure, inadequate clothing","Move to warmth, warm gradually with lukewarm (not hot) water, do not rub area","Skin white/waxy and hard, numbness, blistering","Weeks, depends on severity",,,Any suspected frostbite needs medical evaluation
Chemical burn/exposure,Skin/Eyes,Burn,Emergency,"Contact with corrosive chemical, splash injury","Rinse with large amounts of water for 15-20 min, remove contaminated clothing, call poison control/emergency","Severe pain, eye involvement, large area affected",Varies widely,,,Always seek immediate medical attention
Eye injury (foreign object/scratch),Eye,Eye injury,Moderate,"Dust/debris, scratch from fingernail or object",Do not rub; rinse gently with clean water; blink to encourage tearing,"Object embedded, vision changes, severe pain, chemical involved",1-7 days for minor scratches,,,"Object embedded, vision changes, or pain persists"
Nosebleed (Epistaxis),Nose,Bleeding,Mild,"Dry air, nose picking, minor trauma","Sit forward, pinch soft part of nose for 10 minutes, breathe through mouth","Doesn't stop after 20 min, heavy bleeding, after significant head trauma",Resolves same day,,,Doesn't stop after 20 minutes or is heavy/recurrent
Broken/Chipped tooth,Mouth/Teeth,Dental,Moderate,"Fall, impact, biting hard object","Rinse mouth with warm water, save any tooth fragment, cold compress for swelling","Severe pain, tooth knocked out completely, visible nerve",Depends on dental treatment,,,Any broken tooth should be seen by a dentist promptly
Insect bite/sting,Skin,Bite/Sting,Mild,"Mosquito, bee, wasp, ant","Remove stinger if present, cold compress, antihistamine/anti-itch cream","Facial/throat swelling, difficulty breathing, widespread hives (anaphylaxis)",A few days,,,Signs of allergic reaction or infection at site
Animal bite,Skin/Soft tissue,Bite/Wound,Moderate,Dog/cat/wild animal bite or scratch,"Clean wound thoroughly with soap and water, apply pressure if bleeding, cover","Deep wound, bite from unknown/wild animal, signs of infection",1-2 weeks,,,Always seek care for possible rabies risk and infection/tetanus
Electric shock,Whole body,Electrical injury,Emergency,"Contact with live wire, faulty appliance",Turn off power source before touching person; call emergency services; check breathing,"Loss of consciousness, burns, irregular heartbeat, difficulty breathing",Varies widely,,,"Always a medical emergency, even if person seems fine"
Blister,Skin,Skin injury,Mild,"Friction from shoes/tools, burns","Leave intact if possible, cover with padded bandage, avoid popping","Signs of infection (pus, spreading redness, warmth)",3-7 days,,,Signs of infection or blister is very large/painful
"Torn ligament (e.g., ACL)",Knee,Ligament,Severe,"Sudden twist/pivot in sports, direct blow to knee","RICE, avoid weight-bearing, immobilize if possible","Pop sound at injury, immediate severe swelling, knee gives way",6-12 months (often with surgery),,,Always needs medical/orthopedic evaluation
Rotator cuff injury,Shoulder,Tendon/Muscle,Moderate,"Repetitive overhead motion, fall, heavy lifting","Rest, ice, avoid overhead activity, gentle range-of-motion as tolerated",Sudden severe weakness or inability to lift arm at all,6-12 weeks (longer if severe),,,"Persistent weakness, pain at night, or limited range of motion"
Tendonitis (overuse),Tendon (varies),Overuse injury,Mild,"Repetitive motion, overtraining, poor technique","Rest the area, ice, gradual return to activity, gentle stretching","Sudden inability to move joint, severe swelling",2-6 weeks,,,"Persistent pain despite rest, or worsening symptoms"
Shin splints,Lower leg,Overuse injury,Mild,"Running on hard surfaces, sudden increase in activity","Rest, ice, supportive footwear, gradual return to activity",Severe localized pain that could indicate stress fracture,2-4 weeks,,,Pain persists despite rest or worsens with walking
Heat exhaustion/heat stroke,Whole body,Environmental,Severe,"Prolonged heat exposure, dehydration, overexertion in heat","Move to cool area, remove excess clothing, cool with water/fanning, rehydrate","Confusion, very high body temp, hot dry skin, loss of consciousness (heat stroke)",Hours to a day for exhaustion,,,"Heat stroke signs (confusion, no sweating, very high temp) is an emergency"
Hypothermia,Whole body,Environmental,Severe,"Prolonged cold exposure, wet clothing, cold water immersion","Move to warmth, remove wet clothing, warm gradually with blankets","Confusion, slurred speech, slow breathing, loss of consciousness",Hours to days depending on severity,,,Moderate-severe hypothermia is a medical emergency
Choking,Airway,Airway obstruction,Emergency,Food/object blocking airway,"Encourage coughing; if unable to breathe/speak, perform abdominal thrusts (Heimlich)","Unable to speak/breathe/cough, turning blue, loss of consciousness",Resolves once airway cleared,,,Always seek medical check after a choking episode
Drowning/Near-drowning,Whole body/Lungs,Respiratory/Whole body,Emergency,"Submersion in water, swimming accidents","Remove from water, call emergency services, begin CPR if not breathing","Any period of submersion with coughing, breathing difficulty, or altered consciousness",Varies widely,,,"Always requires emergency medical evaluation, even if person seems recovered"
Spinal injury (suspected),Spine,Bone/Nerve,Emergency,"Fall from height, diving accident, high-impact collision",Do not move the person; keep head/neck still; call emergency services immediately,"Numbness, paralysis, loss of bladder/bowel control, neck/back pain after trauma","Varies widely, long-term care often needed",,,Always a medical emergency — do not move the person
Burns (Thermal),Skin,Burn,Mild to Severe,"Contact with hot surfaces, steam, boiling water, flames","Cool with running water for 15-20 mins, remove tight items, cover loosely","Large area affected, blistering, loss of skin, difficulty breathing",1-3 weeks for minor burns; severe burns require hospitalization,"Higher incidence (occupational, recreational). Similar treatment",Pregnancy affects pain management options. Healing may be delayed,"Burns >2-3 inches, deep, or on face/hands/genitals need medical attention"
Head injury,Head/Brain,Neurological,Moderate to Severe,"Falls, motor vehicle accidents, assaults, sports injuries","Call 911 for loss of consciousness, monitor breathing, keep person still","Loss of consciousness, vomiting, clear fluid from ears/nose, confusion",2 weeks to months depending on severity; concussion needs medical evaluation,Higher incidence. May underreport symptoms. Sports-related more common,Pregnancy complicates imaging/treatment options. Postpartum mood changes post-concussion,ANY significant head trauma requires emergency evaluation
Ankle sprain (Grade II-III),Ankle,Bone,Moderate,"Rolling ankle during sports/walking, stepping off curb, ligament tear","Rest, ice (20 mins), compression wrapping, elevation, immobilization","Severe swelling, inability to bear any weight, visible deformity",2-6 weeks for Grade II; 6-12 weeks for Grade III; may need PT,Higher incidence in male athletes. Faster return-to-play typical,Hormonal cycle increases injury risk (lower ligament strength mid-cycle). Longer recovery,"Cannot bear weight, severe swelling, or no improvement in 48 hours"
Laceration,Multiple,Bite/Wound,Mild to Moderate,"Cuts from sharp objects, falls, accidents","Stop bleeding with pressure, wash with soap/water, apply antibiotic ointment","Uncontrolled bleeding, gaping wound, deep penetration",7-10 days for simple cuts; larger lacerations may need stitches,Occupational/trauma related. Wound closure easier typically,Pregnancy affects anesthesia options. Scarring may be cosmetic concern,"Deep lacerations, won't stop bleeding, or edges won't stay together"
Muscle strain (Grade I),Multiple,Muscle/Soft tissue,Mild,"Overexertion, sudden movement, lack of warm-up","Rest, ice (15-20 mins), compression, elevation, NSAIDs for pain","Severe bruising, inability to move muscle, severe pain",3-7 days for minor strains,Often occupational/overuse. Recovery 3-7 days typical,Hormonal effects on muscle recovery. Pregnancy increases strain risk significantly,"Severe pain, inability to function, or no improvement in 48 hours"
Dislocation (Shoulder),Shoulder,Bone,Severe,"Falls on outstretched arm, contact sports, motor vehicle accidents","Immobilize arm with sling, ice, seek immediate medical care","Severe pain, visible deformity, numbness, unable to move",2-4 weeks immobilization; 3-6 months full recovery with PT,Higher incidence in contact sports. Faster typical recovery,Genetic ligament laxity more common. Recurrent dislocations more likely. Slower recovery,Always a medical emergency requiring immediate hospital care
Severe bleeding,Multiple,Bleeding,Severe,"Deep wounds, arterial injury, significant trauma","Call 911, apply direct pressure with clean cloth, elevate if possible","Continuous heavy bleeding, blood spurting, dizziness, pale skin",Varies; requires emergency medical intervention,"Consider trauma, alcohol use. Higher baseline hemoglobin",Pregnancy complicates management. Menstrual bleeding disorders may predispose. Lower baseline Hgb,ALWAYS call 911 for severe bleeding; medical emergency
Heat exhaustion,Whole body,Environmental,Moderate to Severe,"Prolonged heat exposure, dehydration, intense exercise in heat","Move to cool area, remove excess clothing, apply cool water, drink fluids","No sweating despite heat, confusion, loss of consciousness, body temp >104°F",2-24 hours after cooling and hydration; may need hospital care,Higher incidence in occupational settings. Sweat response more efficient,Hormonal cycle affects thermoregulation. Higher core temp in luteal phase. Pregnant women at higher risk,Symptoms don't improve in 30 minutes or signs of heat stroke appear
Concussion,Head/Brain,Neurological,Moderate,"Head impact during sports, falls, accidents","Stop activity, observe for confusion/dizziness, seek medical evaluation","Loss of consciousness, severe headache, vomiting, slurred speech",1-3 weeks with physical/cognitive rest; return-to-play protocol required,Higher incidence in contact sports. May return-to-play faster per old protocols,Longer recovery typical. Hormonal factors affect recovery. Postpartum mood effects,Any suspected concussion needs medical evaluation; required before return to activity
Allergic reaction (Severe),Multiple,Airway/Emergency,Severe,"Peanuts, shellfish, medications, insect stings, latex","Call 911, administer epinephrine auto-injector if available, lay person flat","Difficulty breathing, throat swelling, hives, anaphylaxis signs",Requires emergency hospital care; variable recovery,Similar presentation. Epinephrine dosing same weight-based,"Pregnancy affects medication choices. Certain triggers more common (cosmetics, latex in medical settings)",ALWAYS call 911 for severe allergic reactions; medical emergency
